{
    "mae": 0.1046857799321169,
    "rmse": 0.14634535524234102,
    "mape": 34.580747940644656,
    "smape": 28.956651602498496,
    "coverage_rate": 0.829443447037702,
    "crps": 0.16141920407046925
}